"State","1997","1998","1999","2000","2001","2002","2003","2004","2005","2006","2007","2008","2009","2010","2011","2012","2013","2014","2015","2016","2017","2018","2019","2020","2021","2022","2023","category","region_name"
"Alabama",1,4,8,3,2,2,3,1,4,0,1,3,3,3,2,2,0,1,0,1,1,3,4,5,2,1,1,"storm","Southeast"
"Alaska",0,0,0,1,1,1,3,3,2,3,4,1,2,1,2,2,2,2,2,2,0,3,5,0,1,7,0,"storm","West"
"Arizona",0,0,1,1,1,6,4,2,9,5,0,1,2,5,5,0,4,0,4,1,3,3,3,7,4,4,1,"storm","West"
"Arkansas",2,1,1,0,3,1,2,2,1,1,0,4,5,2,2,0,3,2,1,2,1,0,3,3,0,1,0,"storm","Southwest"
"California",2,1,2,1,0,12,7,33,7,11,12,22,15,9,6,3,8,17,8,13,14,29,11,27,14,6,4,"storm","West"
"Colorado",1,0,1,3,1,20,2,5,2,3,3,3,1,2,3,5,9,0,1,1,2,3,0,3,3,2,0,"storm","West"
"Connecticut",0,0,1,0,0,0,1,1,2,2,1,0,0,1,3,2,4,0,1,0,0,1,1,1,2,1,0,"storm","Northeast"
"Delaware",0,1,1,0,0,0,3,0,2,1,0,0,0,1,2,0,2,0,0,1,0,0,0,0,1,1,0,"storm","Southeast"
"Florida",1,19,15,12,14,0,2,4,4,2,8,4,4,0,1,1,2,1,0,1,9,1,4,7,4,5,3,"storm","Southeast"
"Georgia",0,1,2,2,1,0,0,2,1,0,6,2,2,0,5,0,0,2,1,1,8,0,3,0,2,0,1,"storm","Southeast"
"Hawaii",2,3,0,1,1,0,1,1,5,2,4,2,2,1,1,1,0,1,1,0,1,5,0,3,2,1,0,"storm","West"
"Idaho",2,0,0,1,0,0,0,0,2,1,3,1,0,2,1,2,2,0,4,3,3,2,1,0,2,2,0,"storm","West"
"Illinois",2,0,2,0,2,1,1,1,2,1,4,3,3,1,2,0,1,1,0,0,0,0,1,0,0,1,1,"storm","Midwest"
"Indiana",1,2,1,0,1,2,2,2,3,1,2,4,2,0,1,1,0,1,0,0,0,1,0,0,0,0,0,"storm","Midwest"
"Iowa",0,2,2,0,1,1,0,1,1,0,4,2,1,4,4,0,4,3,1,1,2,2,2,2,0,1,0,"storm","Midwest"
"Kansas",0,1,3,1,1,1,1,2,3,4,3,3,4,3,4,1,1,1,1,2,10,1,4,0,0,3,0,"storm","Midwest"
"Kentucky",1,2,0,3,3,5,3,2,2,1,1,2,5,2,2,1,0,1,4,1,2,2,1,1,2,4,0,"storm","Southeast"
"Louisiana",1,1,2,2,2,1,2,2,5,0,2,4,0,1,2,3,1,0,1,3,2,2,5,4,10,0,0,"storm","Southwest"
"Maine",2,2,1,2,2,0,2,3,6,2,3,2,3,2,2,0,1,0,1,0,0,2,0,0,0,1,1,"storm","Northeast"
"Maryland",0,0,1,1,0,1,2,0,1,1,0,0,0,2,2,2,2,1,0,2,0,2,0,0,1,0,0,"storm","Southeast"
"Massachusetts",2,1,0,1,2,0,1,2,2,3,1,0,2,3,4,2,4,0,1,0,0,2,0,0,1,1,0,"storm","Northeast"
"Michigan",1,2,2,0,2,1,1,1,1,0,0,1,0,0,0,0,1,1,0,1,1,1,0,2,1,0,0,"storm","Midwest"
"Minnesota",4,2,2,1,2,2,0,0,2,2,2,1,2,3,4,1,2,1,0,0,1,1,2,0,0,3,0,"storm","Midwest"
"Mississippi",1,1,2,0,3,1,4,1,3,0,0,4,1,2,3,2,1,1,1,2,2,2,3,7,5,2,1,"storm","Southeast"
"Missouri",0,0,3,2,0,2,1,1,1,3,5,7,4,1,5,0,2,0,2,2,1,0,2,1,1,2,0,"storm","Midwest"
"Montana",1,0,1,7,3,1,8,0,1,3,4,1,1,1,2,6,3,1,1,3,8,1,3,5,6,1,0,"storm","West"
"Nebraska",0,1,1,0,1,1,1,1,2,4,4,4,1,4,5,1,0,4,1,0,2,2,2,0,1,3,0,"storm","Midwest"
"Nevada",1,0,6,3,2,4,4,5,9,6,6,1,1,1,1,4,1,0,1,2,7,1,3,5,3,1,0,"storm","West"
"New Hampshire",1,2,0,1,1,0,2,1,4,2,1,2,3,2,3,3,4,0,1,1,2,3,1,0,1,1,1,"storm","Northeast"
"New Jersey",2,1,2,1,2,1,2,1,3,1,2,0,0,4,4,3,2,0,1,1,0,1,0,0,4,0,0,"storm","Northeast"
"New Mexico",0,3,1,7,1,9,2,3,1,6,2,4,1,3,9,6,3,2,2,2,1,3,1,0,1,7,0,"storm","West"
"New York",2,4,5,1,3,3,5,2,4,1,7,0,3,2,7,0,4,1,1,0,1,1,1,1,4,1,3,"storm","Northeast"
"North Carolina",0,3,4,1,0,0,3,2,2,1,0,1,1,2,5,0,2,2,0,0,4,3,2,3,3,0,1,"storm","Southeast"
"North Dakota",2,1,1,1,2,2,1,2,2,3,3,0,1,4,3,0,4,2,0,0,1,0,1,2,2,1,1,"storm","Midwest"
"Ohio",1,1,0,3,1,0,5,3,3,2,1,1,1,0,1,2,1,0,0,0,0,1,2,0,0,0,0,"storm","Midwest"
"Oklahoma",0,3,1,3,4,2,3,0,1,31,7,9,11,5,30,9,2,2,1,7,6,4,4,3,3,3,1,"storm","Southwest"
"Oregon",2,1,0,0,2,9,3,3,2,3,4,2,3,0,2,1,4,6,6,3,6,6,3,19,4,2,1,"storm","West"
"Pennsylvania",1,1,3,0,1,0,3,3,2,1,1,0,0,1,5,0,2,2,0,1,1,0,1,0,1,0,0,"storm","Northeast"
"Rhode Island",1,0,0,0,0,0,1,0,2,0,1,0,0,2,2,0,3,0,1,0,0,0,0,0,1,1,0,"storm","Northeast"
"South Carolina",0,1,2,1,0,2,1,3,2,1,0,0,1,0,0,0,0,2,0,2,4,3,2,2,0,1,1,"storm","Southeast"
"South Dakota",3,1,1,3,2,2,0,2,5,3,3,2,2,6,2,2,3,2,2,0,1,2,3,2,1,3,3,"storm","Midwest"
"Tennessee",2,3,4,1,4,3,4,0,2,1,0,1,4,2,6,1,0,2,1,0,6,0,1,4,4,3,1,"storm","Southeast"
"Texas",1,33,13,19,5,2,3,0,3,22,4,28,16,2,57,1,2,2,1,6,1,7,3,3,3,8,0,"storm","Southwest"
"Utah",0,0,1,0,1,1,1,1,4,0,3,0,1,1,2,6,2,1,0,1,3,3,1,5,4,0,0,"storm","West"
"Vermont",1,2,0,2,2,1,1,1,0,0,2,3,1,0,5,2,2,2,2,0,1,2,1,1,2,0,1,"storm","Northeast"
"Virginia",0,1,3,1,3,6,2,3,2,3,0,0,0,3,4,3,2,0,0,1,1,1,2,0,1,3,0,"storm","Southeast"
"Washington",7,3,2,3,9,2,3,6,3,4,5,3,5,2,2,10,3,12,13,8,4,10,1,11,10,5,2,"storm","West"
"West Virginia",1,1,0,1,1,3,3,4,2,0,1,1,1,4,0,4,3,1,5,1,1,2,1,0,2,0,2,"storm","Southeast"
"Wisconsin",1,2,1,1,2,2,0,1,1,0,1,2,0,1,2,1,1,0,0,1,1,2,2,1,0,0,0,"storm","Midwest"
"Wyoming",0,0,1,1,4,3,0,1,1,2,1,0,0,1,1,4,0,0,1,3,2,2,0,2,0,0,0,"storm","West"
"Alabama",144501.2,149568.2,154900.2,157221.3,156853.2,160422.4,165134.7,176625,184369.5,187270.8,189002.5,186946.7,180707.2,184702.4,187605.8,189245.5,191369.8,189886.3,191335.2,194283.8,196974.9,200372.6,203432.7,199880.8,209979.3,213264.8,NA,"gdp","Southeast"
"Alaska",42211.3,41095.9,40590.5,39406.6,40958.7,42979,42355.3,44055,45657.1,49190.2,51721,51252.1,56215.1,54601.5,55280.3,58283.6,55354.3,54188.2,54740.8,54246.6,54278.7,53327,53433.8,50705.2,50869.4,49633.7,NA,"gdp","West"
"Arizona",168408.8,183060.5,198699.9,208439.5,213166.2,220696.7,234065.9,244317.3,262326,274179.4,283250.7,280810.1,257498.5,260307.1,266101.5,271440,273481.9,276948.9,282577,291275.2,303606.1,314827.5,325395.3,327178,347656,356417,NA,"gdp","West"
"Arkansas",82571.3,84570.8,89115.2,89871.7,89789,92950.5,96944.5,101733.6,105980,108460.6,107606.1,106536.5,102996.6,105662,107932.5,108492.1,110752.4,111734.5,112351,112798.1,113850.2,115885.2,117126.2,117268.2,123347.3,126532.2,NA,"gdp","Southwest"
"California",1378276.5,1468730.8,1574305.9,1696172.4,1692324.1,1722522.4,1789998.5,1850904.5,1926842.1,2002437.4,2041192.2,2061638.8,1995439.7,2036015,2063827.5,2113096.4,2179229,2256054.7,2357452.9,2427894.6,2538204,2644061.2,2729225.8,2667220.9,2874730.8,2885627.3,NA,"gdp","West"
"Colorado",184185.3,200679.7,215294.6,231589.8,234979.4,235417.3,237782.3,240747.6,251558.4,257430.2,266887.5,270981.4,264966.3,267858.9,271700.6,276823.1,286259.1,298655.3,312409.7,318953.4,329913.3,342733.2,358438.5,353345.2,373763.3,385834.8,NA,"gdp","West"
"Connecticut",190518.9,196391.1,202351.7,216157.6,218135.3,216677.7,219186,233426.5,238549.5,248233.8,257953,257756,244894.7,244354.7,238542.4,240911.9,236050.6,235780.9,242706.5,243286.7,247035.9,249074.8,251568.2,235234.9,246555.9,252533.3,NA,"gdp","Northeast"
"Delaware",45980.1,50434.3,54236.7,56550.2,58372.7,56534.5,57300,60069.9,59335.1,60624.3,60477.9,58655.7,61517.7,60577.2,62919.3,62354.6,60235.8,64940.1,66793.5,63001.3,60357.5,61425.1,64143.5,62281.8,64404.7,65754.8,NA,"gdp","Southeast"
"Florida",559805.3,587970.7,615238.2,642708.2,660659.5,689974,722374.5,769140.5,815755.8,839963.8,850048.6,816070.2,769061.1,775039.5,772021.3,778545,794842.1,817233.5,852242.4,881539.2,912687.4,941626.7,965672.5,950164.4,1029575.6,1070930.2,NA,"gdp","Southeast"
"Georgia",328118.7,352472.3,377127.4,389727.3,394317.3,399413.4,411685.6,428555.2,447152.9,453032.1,455904,445764.6,428740.7,433727.2,441626.7,447764.7,454908.9,470009.7,489182.3,506816.2,523805.3,538604.6,557364.4,537615.8,575292.2,591257.3,NA,"gdp","Southeast"
"Hawaii",55804.2,54404.8,54852.1,55891.1,55678.5,56990.8,59978.8,63318.1,67123.9,68759.3,70080.4,70460.8,67927.5,69628.1,70646.6,71905.3,73063.2,73512.4,75869.5,77303.9,78947.4,79845.3,79213.4,70109.4,74547.2,75418.3,NA,"gdp","West"
"Idaho",36997.4,38795.3,42510.4,47295.4,46084.5,47056.8,48593.7,51815.1,56043,57613.7,58670.9,60309.5,57327.9,58281.8,58226.2,58323.9,60631.2,62454,63081.2,65479,66941,70857.3,74162.6,75145.5,80093.8,84002.9,NA,"gdp","West"
"Illinois",576730.2,595615.8,618148.4,640723.4,642292.5,647517.8,658317.3,676805.9,687706.6,704827.6,712619.8,706616.5,688161,698179.6,711283.4,726399.1,726125,741194,751754.9,749333.5,753027,771695.5,775998.1,734385,780060.8,797969.1,NA,"gdp","Midwest"
"Indiana",231713.9,245675.7,254089.2,264121.7,259474.8,265345.1,277151.6,287655.9,290328.2,296112.7,304085.7,300962.6,279520.7,297517.3,299064.5,300513.9,307279.1,316783.1,313751.2,319601.5,324997.6,336327.1,337902.2,327277.9,346240.9,352955.9,NA,"gdp","Midwest"
"Iowa",113289.8,114087.4,116523,121924.2,120449.8,123298.2,128962.3,139978.1,144577.3,146555.3,152861.8,149881.4,146182.8,150148.4,152435.2,158538.4,158480.8,166619.2,171126.5,170389.1,170887.5,173547.7,173722,170957.4,179753,177090,NA,"gdp","Midwest"
"Kansas",104575,108183.6,111005.5,114030.5,114327.7,116195,118192.5,119391.6,123949.8,130364.5,137093.6,139536.8,134227,135723.2,139579.4,141818.2,141723.4,145344.1,148810.5,153695.3,155514.7,158734.4,159826.2,158348.3,162290.9,164939.3,NA,"gdp","Midwest"
"Kentucky",146522.8,150774.4,155611.5,151495.1,151834.3,155643.9,159990.8,164650.2,171180.3,175657.7,174407.3,173810.1,166704.2,173780.1,175745.3,178143.7,181505.9,181471.8,182916,184115,185920.6,187926.6,192971.9,188396.3,197818.3,201375.3,NA,"gdp","Southeast"
"Louisiana",200862.9,207611.6,211952.5,205722.6,208617.8,213079.4,221774.4,232712.8,247773.2,245500.2,230367.7,232150.7,236411,246836.2,234975.7,235384.7,228452.8,235355.1,233016,228428.5,233351.7,237298.3,237044.6,218421.7,221152.7,217155.8,NA,"gdp","Southwest"
"Maine",42942.2,44140.2,46351.4,48490.2,49471,50910.4,52209.8,54256,54926.9,55448.4,55359.9,54653.9,53630.1,54305,53789,53679.7,53239.1,54037.9,54425.8,55565.4,56469.4,58099.9,59553.4,59881.4,63594.5,64765.5,NA,"gdp","Northeast"
"Maryland",221211.6,231806.4,240946.2,250771.7,261532.9,270468.4,278332,290284.6,301660.6,305794.1,306755.8,314757.6,311342.2,325369.7,332437.2,332523.5,334268.9,339604.6,348151.8,360082,366204.4,367977.4,368056.4,352384,368571.1,368679.8,NA,"gdp","Southeast"
"Massachusetts",302724.1,315040.3,331602.3,358121.5,362663.8,362581.6,369007.4,379086.1,386803.5,395535.8,406421.2,414919.9,407219.6,425792.7,434494.5,442916.9,444874,451568.9,468060.9,475349,482808.4,501541.5,514170.8,500001,533102.1,543871.7,NA,"gdp","Northeast"
"Michigan",396974.5,406051.6,429936.2,438463.8,425103.2,436802.2,443652.2,448888.3,457137.7,449853.5,446943.2,420974,383140.1,404216.9,414834.4,422691.2,428737.6,434313.2,443831.2,452325.2,457614,466559.4,467107,448455.3,481778,490318.1,NA,"gdp","Midwest"
"Minnesota",212378.4,223654.5,232068.1,247802.6,247599.4,253478.4,264165.9,275560.1,284636.9,284382,286299.2,288420.6,277494.1,287140.1,293783.2,298328.3,305486.4,314091.3,318913.2,324030.3,327483.2,336892.2,340557.1,328489.5,346204.3,350314.5,NA,"gdp","Midwest"
"Mississippi",83153.1,85193.8,87638,88077.5,87309.5,88569.4,92354.7,94482.6,96820.7,99005.8,100211.8,101777.6,98000.6,98601.1,98515.8,100448.4,100331.2,100283.6,100482.4,101255.3,101245.3,100872.7,100982.8,100526.9,104353.5,104535.3,NA,"gdp","Southeast"
"Missouri",227796.8,231693.3,238452,244705.9,243060.4,247437.1,252677.3,259741.4,265735.1,267221.1,267691.2,273436.2,266834.9,270732.9,268533.8,271535.1,274599.3,276080.7,279020.8,279109.2,281253.3,284540.3,290619.5,282754.1,295687.3,300676.3,NA,"gdp","Midwest"
"Montana",29047,30342.4,30461.3,31241.1,31532.6,32503.7,33810.5,35528.6,37373.9,38577.6,40438.3,40471.1,39513.4,40793.7,41875.7,42340.9,42968.2,43829.1,45395.7,44436.8,45974.3,46584.1,46886.2,46750.4,48976.2,49752.2,NA,"gdp","West"
"Nebraska",70412.5,72089.6,73625.7,76368.1,78180.9,79179.8,83773.3,85987.1,89309.1,91832.7,93910.8,93840.5,93977.6,97466.1,102587.4,102725.9,104680,107936.8,111401.5,112611.5,114143.9,116792.9,118603.7,118141.5,122136.1,123539.6,NA,"gdp","Midwest"
"Nevada",89895.1,94672.8,101394.7,105635.4,106635.3,110448.6,115275.4,127325.6,137508.8,142967.1,144107.1,139954.2,128241.3,129828.4,130697.9,129312.9,129720.9,130897.4,136347.4,140081.2,145485.5,150448,156959.1,146492.5,159567.3,165455.1,NA,"gdp","West"
"New Hampshire",48359.7,51538.7,53084.5,56779.4,57632.6,59474.6,61892.7,64408.6,65034.4,66628.2,66853.6,65854.1,65023.4,67125.8,67559.1,68498.1,69080.3,70213.7,72042.4,73572.2,73972.7,75433,76819.1,75927.6,82986.3,83004.4,NA,"gdp","Northeast"
"New Jersey",426002.8,433564,447872.1,471426.9,476616.7,484657.1,494703.5,498245.2,507894.7,516681.4,520898.3,534501.4,506850.7,513917.9,507604,517195.9,523725.8,522166.4,529953.7,535055.3,537578.5,550059.5,559648.8,535323.7,566893.2,581704.2,NA,"gdp","Northeast"
"New Mexico",67285.2,66944,70487.9,71652.8,71730.5,73909.6,76767.5,83038.7,84034.4,86058.4,86738.8,86965.2,88069.9,87610.3,87592.9,87925.2,86856.6,88991.2,89701.3,89151.4,88962.9,90933.6,94897.4,92496.3,93625.1,94663.4,NA,"gdp","West"
"New York",977797.9,997251.9,1051337.6,1092188.2,1112794.4,1106150.8,1110613.1,1144125.1,1168891.1,1199276.9,1208564.6,1190080.9,1230672.3,1277466.8,1279527.1,1328233.5,1329376.3,1353410.4,1373643,1403230.5,1419112.1,1458382.4,1500833.4,1432507,1514779.2,1563043.7,NA,"gdp","Northeast"
"North Carolina",315648.2,326786.2,345457.6,356912.5,359617,364870.4,373987.6,389210.1,409003.9,434209.2,438960.1,450538,431955.3,437836.5,443288.7,445095.3,452056.2,462253.1,475096.6,482968.9,495221.3,501564.9,512834.8,506658.1,541933.8,559510.1,NA,"gdp","Southeast"
"North Dakota",22413.1,23674.9,23770.7,24706,24909.9,26290.8,27870.4,28284.1,29345.2,30590.1,32022.2,34256.4,35244.4,37917.2,42340.8,51832.6,52892.4,57790,56542.4,52974.6,54187.1,55914.2,56385.4,53653.6,53803.6,53125.4,NA,"gdp","Midwest"
"Ohio",471450.9,487532.8,499292.8,509949.2,502967.6,513215.5,519939.4,534064.6,545968.7,545504.1,546729.3,537124.1,511076.5,523979.4,541180.2,545740.1,556210.5,574177.9,578852.4,583946.4,593636,597925.5,613251.4,594143.6,629287,638910,NA,"gdp","Midwest"
"Oklahoma",115088.5,117596,119685.4,124227.6,128891.2,131293.3,133417.2,138096.8,143471.1,152857.7,156219.5,162387,160091.6,160564.2,166327.2,174874.4,177698.9,189360,197071.9,193025.1,194017.2,197453.2,201161.5,192485.5,193230,191388.1,NA,"gdp","Southwest"
"Oregon",118360.3,123994.7,126739.2,137400.6,136166.1,138932.5,144802.8,152001.1,158163.4,166107.2,168975.1,173598.5,165527.2,169234,173831.7,174611,175933.8,181220.6,189946.5,198079.3,205524,214902.5,219588,215743.6,227979.1,234806.2,NA,"gdp","West"
"Pennsylvania",496658.9,509550.8,524960.9,538790.2,547260.9,555055.9,568242.4,584328.3,594855.1,597219.2,617309.9,629807.9,610147.9,627726.3,637114,647925.9,655929.2,669643.1,682466.1,688359.4,694866.6,704027.8,715060.7,680957.4,710973.1,726035.6,NA,"gdp","Northeast"
"Rhode Island",40145.8,41912.5,43144.9,45178.6,45749.8,47224.5,48571.1,50513.8,51369.7,52899.6,51469.1,50575.2,50004.3,51332.8,51279.6,51583,51910.8,52293.4,52819.1,52902.6,52691.8,52553.3,53411.4,51516.1,54606,55413.3,NA,"gdp","Northeast"
"South Carolina",134607.9,139526.3,146104.4,150156.4,151015.9,155275.1,161269.3,164083.4,169488.5,173370.9,178474.6,176567.6,168851.8,172131,176083.2,177618.1,180881.6,185986.9,192019.9,198005.7,202512.4,207101.2,213237.8,208234.1,221045,226420.1,NA,"gdp","Southeast"
"South Dakota",24951.2,26440.4,27463.4,29386.1,29455.2,32784.9,32979.1,34269.6,35842.2,36350.8,37755.9,39080.8,39987.3,40369.6,43049.5,43901.5,44147.4,44846.5,45664.5,46076,45775.8,46300.3,46650.5,47402.4,49557.9,49809.2,NA,"gdp","Midwest"
"Tennessee",210637.3,223711.3,230895.6,233732.2,233362.5,240971.7,248993.8,260553.5,268391.7,274879.2,273224,274571.1,264737.1,268449.8,276898.3,286341.5,289794.6,294130.1,304484.2,310143.2,318963.9,323541.6,331176.6,323454,352461.2,367776,NA,"gdp","Southeast"
"Texas",870724.4,925556.7,961513.2,995661.2,1020537.8,1043566.9,1050609.4,1109477,1141373.7,1228547.3,1286192.7,1282088.7,1277295.4,1309962.4,1353600.4,1421180.1,1484700.1,1529617.1,1605901.7,1619954.2,1659453.3,1728304,1779781.4,1747562,1815063.6,1876327.8,NA,"gdp","Southwest"
"Utah",80658.9,85724.8,89282,92498.4,93556.7,95383.1,97017.3,102846.7,110046.4,118482.3,123835.3,124225.5,121431.4,123902.2,127992.5,129512.5,133112.9,136993.7,141720.5,147962.3,154758.3,164622.1,172038.4,174954.7,186910,191965.2,NA,"gdp","West"
"Vermont",20049.4,20678,21830.2,23016.8,23752.4,24570.1,25464.9,26855.2,26995.6,27128.8,26886.7,27758.4,27222,28403.7,29013.5,29241.3,28681.5,28912.2,29119,29408.1,29490.6,29602.2,29940.7,29064.6,30546.8,31395.3,NA,"gdp","Northeast"
"Virginia",298922.3,315091,332373.3,348327,360601.1,364932.4,377723.8,392941.3,412084.6,419870.6,424939.5,431216.7,427648.9,441242.4,444288,445973.6,449063.8,447678.1,455162.4,459965.8,467362,477915.2,489199.1,478909.3,505351,512946.3,NA,"gdp","Southeast"
"Washington",271270.7,288206.9,308949.5,311209.9,303673.8,307583.2,312556.4,319848.9,340428,353263.5,373180.6,381289.9,370136.6,380989.5,387745.2,400530.6,410873.9,424467.6,441952.1,458263.8,482007,515029.1,533150.4,538856.1,575129,582171.6,NA,"gdp","West"
"West Virginia",58934.3,59847.4,61783.9,61665.7,61818.6,62834.1,63145.5,64159.8,65678.4,66861.4,67119.1,68483.9,68191.8,69153.5,70361.3,70322.2,70550.1,70532.5,70663,70011.4,71425.6,73170.4,72633.4,70444.2,71343.2,71652.4,NA,"gdp","Southeast"
"Wisconsin",209111.7,216955.9,225783.7,232411.7,236088.7,240543.3,247766.1,256167.4,263698.6,268246.4,269933.6,266626.9,258761.2,266830.8,272813.2,277107.1,278015,283981.1,289077,291920.3,291922.7,299062.6,303669,293104.9,306467.4,311702.1,NA,"gdp","Midwest"
"Wyoming",24960.3,25530.4,26597.7,27435,29130.5,29777.1,30673.2,31695.7,33484,37813.4,40632.2,42868.2,41546.4,40056.6,39767.9,38855.4,38849.6,39559.4,40418.2,38188.7,37521.6,38080.1,38446.6,36268.6,36400,36346.1,NA,"gdp","West"
"Alabama",134.1,133.5,135.84,142.3,133.32,138.3,139.8,142,143.5,145.8,147.3,139.4,119.8,132.5,129.5,122.6,120.5,122.6,119.2,114,108.6,112.4,106.3,98.3,0,0,NA,"carbon","Southeast"
"Alaska",41.2,42.2,42.86,43.6,42.55,42.7,42.9,46.2,47.5,45.4,43.7,39.1,37.3,37.1,37.1,36.2,34,33.9,35,33.4,33.7,34.5,34.3,36,0,0,NA,"carbon","West"
"Arizona",71.7,76.7,80.62,86.6,88.86,88.3,90.5,97.3,97.3,100.5,102.4,102.6,93.9,99.5,97.7,95.5,99.3,97.3,95,90.9,90.5,94.1,92.5,80.1,0,0,NA,"carbon","West"
"Arkansas",59.2,60.5,62.72,63.3,62.5,61.2,62.2,62.5,60.2,62.1,63.4,64.2,61.5,66.1,67.5,66.3,68.5,68.9,59.1,62.1,64.2,70.8,65.1,54.7,0,0,NA,"carbon","Southwest"
"California",352.7,362.7,366.1,382.3,385.56,384.4,374.6,392.7,389.6,397.8,402.6,384,370.4,356.6,342.7,348.7,349.7,345.4,351.4,353.4,356.5,358.6,358.2,303.4,0,0,NA,"carbon","West"
"Colorado",76.2,78.4,80.46,85.5,93.3,91.6,91,93.5,95.8,96.6,99.3,97.4,93.3,95.9,92.5,91.2,92.1,92.8,91.3,88.4,88.8,90.1,91.7,79.9,0,0,NA,"carbon","West"
"Connecticut",42.3,39.9,41.17,42.8,41.57,40,43,44.7,43.9,40.9,40.1,37.7,36,36.4,35,34.3,34.6,35,36.3,34.1,33.9,37.4,36.6,33.8,0,0,NA,"carbon","Northeast"
"Delaware",16.8,16.2,16.4,16.7,16,15.9,16.6,16.6,17.4,16.2,17.1,16.2,11.9,13.1,13.9,14.6,14,13.8,13.9,14.4,13.8,14,13.6,12.5,0,0,NA,"carbon","Southeast"
"Florida",217.8,230.3,229.81,239.1,237.39,241.2,246.5,257.1,260,259.1,256.7,238.5,224.7,245.5,232.4,227,227,233,237.4,238.8,238.4,242,233.6,207.6,0,0,NA,"carbon","Southeast"
"Georgia",157.1,158.4,160.99,169.7,161.61,166.6,170.5,175.3,185.6,183,185.6,172.6,163,175.2,160,141.6,142.9,148.1,145.7,144.5,141.8,141.9,136.5,116.6,0,0,NA,"carbon","Southeast"
"Hawaii",18.7,18.7,18.41,18.7,19.17,20.4,21.5,22.5,23,23.2,24,19.3,18.8,20.4,20.6,20.3,20.1,19.6,19.8,19.8,20.4,20.3,20.5,14.9,0,0,NA,"carbon","West"
"Idaho",13.8,14,14.9,15.7,15.58,15,14.5,15.7,15.8,15.8,16.3,15.5,15.2,16.3,16,15.8,17.2,16.8,18,18.3,18.7,19,20.1,19.4,0,0,NA,"carbon","West"
"Illinois",225.6,217.1,226.92,234.9,225.13,227.4,231.4,237.8,244.4,236.5,244,242.3,227.2,233.3,232.1,219,233.6,236.7,219.2,207.4,206,213.1,203.4,169.9,0,0,NA,"carbon","Midwest"
"Indiana",218,219.7,226.45,239.7,230.33,233.3,239.7,240.1,238.6,236.7,236,231.7,209.1,218.4,209.8,195.4,200.1,205.8,187.2,181.8,175.9,189.2,176.1,154.3,0,0,NA,"carbon","Midwest"
"Iowa",74.3,77.2,78.14,79.4,78.24,78.8,78.9,80,80.1,81.3,87,90.3,85.4,90.3,87.3,81.4,82.4,83.4,77.4,74,76.3,82.4,77.3,65.7,0,0,NA,"carbon","Midwest"
"Kansas",71.2,70.1,73.27,75.8,71.83,76.3,78.8,76.6,73.1,72.9,79,75,73.2,72.6,70.7,66.1,69.8,70.3,64.5,62.6,59,62.9,60.5,57.8,0,0,NA,"carbon","Midwest"
"Kentucky",143,141.4,146.21,147.1,151.05,151.3,147.8,154.5,156.3,158.7,158.5,155.8,146,152.9,151.2,140.6,139.7,140.4,131.3,126.8,116.8,122.8,115.4,101.9,0,0,NA,"carbon","Southeast"
"Louisiana",221.4,208.2,206.46,220.6,198.72,204.6,201.6,207.9,201.9,210.1,210.6,204.1,193.5,203.5,207.9,197.1,189,186.3,185.6,189.1,193.4,194.7,194.9,183.3,0,0,NA,"carbon","Southwest"
"Maine",19.6,19.3,20.23,22.2,22.38,23.9,23.8,24.1,23.1,21.2,20.9,19,18.3,17.8,17.3,15.6,16.4,16.4,16.7,16.2,15.4,14.8,14.4,13.5,0,0,NA,"carbon","Northeast"
"Maryland",72.8,76,78.6,78.5,79.02,79.1,82.2,83.4,85,78.2,78.5,74.6,71.4,71.4,66.9,62.4,61.6,64.2,62.3,60.5,55,61.7,56.9,48.1,0,0,NA,"carbon","Southeast"
"Massachusetts",85.2,83.1,80.75,82.3,81.99,83,84.8,83,84.4,76.6,79.9,76.7,70.4,72.8,68.8,62.5,66.5,64.9,66.7,64.1,64.7,64.1,63.3,52.3,0,0,NA,"carbon","Northeast"
"Michigan",191.9,191.1,198.98,194.6,189.56,188.8,187.1,188.9,190.1,179.3,182,175.5,164.8,167.5,162.5,155.4,164,164,164.5,154.5,155.7,163.7,159.2,136.8,0,0,NA,"carbon","Midwest"
"Minnesota",91.7,91.8,92.58,98.1,94.91,97.3,101.9,100.8,101.8,99.1,100.6,100,92.2,91.9,91.4,86.4,90.8,95.9,89.3,91.1,91.3,94.8,92.1,78.4,0,0,NA,"carbon","Midwest"
"Mississippi",55.8,56.6,61.45,61.4,69.8,62.6,64.1,65.7,64,66.2,68.3,64.7,60.7,63.7,58.6,60.1,57.1,59.8,61.3,62.3,60.5,63.2,62.5,63.1,0,0,NA,"carbon","Southeast"
"Missouri",126,131,131.59,126.7,132.54,133.2,140.7,141.8,144.5,143.1,141.6,138.4,132.1,136.9,136.8,129.1,133.9,133.5,124.7,119,124.5,124.8,117,108.7,0,0,NA,"carbon","Midwest"
"Montana",29.9,32.1,32.83,31.8,32.06,31,33.2,34.8,35.9,36,38,37.2,33.1,35,32.1,30.8,32.1,32.6,32.5,31.1,31.3,31.3,32.3,26.2,0,0,NA,"carbon","West"
"Nebraska",40.9,42.9,41.73,41.7,42.91,42.3,43.6,43.4,43.8,44.3,44.6,46.6,47.3,50,52.4,50.6,53.5,52.2,50.7,48.4,47.9,52.4,50.5,46.5,0,0,NA,"carbon","Midwest"
"Nevada",38.2,40.8,41.43,45.6,44.8,41.7,44,48.1,50.2,41.7,41.8,41,39.5,41.4,37.9,37.9,39.7,40.6,38.5,40,40.2,41.4,41.7,36.2,0,0,NA,"carbon","West"
"New Hampshire",16.5,16.5,16.7,17.5,16.96,17.7,21,22,21.3,19.4,19.2,18.7,17.1,16.8,16.4,14.7,14.4,15.2,15.3,13.8,13.5,14.2,13.9,12.4,0,0,NA,"carbon","Northeast"
"New Jersey",125.5,120.9,124.24,124.6,121.33,121,123.5,126.1,130.6,123.1,130.8,128.3,111.5,105.6,105,99,100.4,104.9,103.7,105.6,99.4,105.1,100.8,83.8,0,0,NA,"carbon","Northeast"
"New Mexico",55.8,55.4,56.3,58.3,58.39,55.5,57.9,58.9,59.5,60.4,59,56.8,57.7,53.9,56.3,54.2,53.8,50.6,50.7,48.8,49.6,45.9,48.9,45.2,0,0,NA,"carbon","West"
"New York",204.2,203.1,205.73,212.2,207.97,202.2,213,215.4,211.5,193.8,199.9,190.1,174.1,185,175.3,167.9,169.1,176.2,174.4,170.2,165.8,175.1,169,143.4,0,0,NA,"carbon","Northeast"
"North Carolina",142.3,142.1,140.78,149.1,144.31,145.6,147.2,150.2,154.2,148.6,154.4,149,133,147.2,132.6,124.5,126.2,129.3,124.8,124.9,121.1,124.2,122.6,106.5,0,0,NA,"carbon","Southeast"
"North Dakota",47.6,48.8,49.87,51.3,52.01,51.9,51.7,50.1,53,51.3,53,53.4,52,52.8,54.3,56.7,57.2,59.3,57.9,54.9,56.9,59.3,57.2,54.3,0,0,NA,"carbon","Midwest"
"Ohio",261.4,260.7,259.86,266.7,256.92,262.8,270.7,265.9,271.9,265.3,271.3,264.8,239.7,247.2,235.1,214.9,228,229.7,211.2,205.3,205.1,209,196.7,185.6,0,0,NA,"carbon","Midwest"
"Oklahoma",98.6,97.1,96.19,100.2,101.46,101.6,104.2,99.7,106.4,109.2,109.4,112,106.2,105.8,106.9,104.7,103,104.5,100.3,96.1,93.4,98,90.8,83.7,0,0,NA,"carbon","Southwest"
"Oregon",35.9,41.6,43.16,41.5,40.63,39.1,39.8,40.7,41.1,40.3,43.7,42.6,40.8,40.6,37,36.7,39,37.8,37.9,37.7,38.8,39.6,41.8,37.5,0,0,NA,"carbon","West"
"Pennsylvania",276.9,266.3,264.87,278.5,265.05,271.9,276.3,279.2,281.6,275.6,278.6,269.9,245.3,256.1,249.7,239.8,249.5,249.4,232.9,218,215.3,220.2,218.7,193.2,0,0,NA,"carbon","Northeast"
"Rhode Island",13.6,13.8,13.13,11.8,12.29,11.7,11.6,11,11.2,10.5,11.1,10.6,11.2,11,11,10.5,10.1,10.5,10.8,9.6,10,11.1,10.4,9.8,0,0,NA,"carbon","Northeast"
"South Carolina",71.5,75,78.64,82,80.42,81.8,82.8,90.3,88.6,89.2,89.4,87,82.1,85.9,81.2,74.5,70.2,74.7,73.4,72.3,70,74.1,69.4,63.5,0,0,NA,"carbon","Southeast"
"South Dakota",13.3,12.8,13.45,14.2,13.5,13.8,13.8,13.8,13.3,13.4,13.9,14.9,14.7,15.1,14.6,14.9,15.4,15.4,14.1,14.8,14.7,15.5,16,14.9,0,0,NA,"carbon","Midwest"
"Tennessee",122.8,122,122.85,128.7,127.22,126.4,125.1,127.2,128.3,129.9,129.1,122.5,101.9,109.3,105.5,99,97.3,102.5,98.7,101.4,97.4,93.8,92.2,83.3,0,0,NA,"carbon","Southeast"
"Texas",649.6,656.4,646.75,672.9,666.8,678.1,671.1,670.5,644.9,648.3,646.1,623.6,590.4,615.4,634.9,627,657.7,661.9,655.1,656.7,665,684.7,683.2,624,0,0,NA,"carbon","Southwest"
"Utah",61.1,63.6,62.45,65.4,63.19,62.6,63.6,66,67.5,68.8,70.7,69.8,65.1,64,64.5,61.6,66.5,65.3,63.6,58.8,59,61.2,61.5,57.4,0,0,NA,"carbon","West"
"Vermont",6.5,6.3,6.51,6.8,6.62,6.4,6.7,7.1,6.8,6.7,6.5,5.9,6.2,5.9,5.8,5.5,5.7,5.9,6.1,5.9,5.8,5.9,6,5.4,0,0,NA,"carbon","Northeast"
"Virginia",110,111.9,113.93,123.3,120.83,119.3,124.1,127.7,129.4,123,128.2,116.8,105.9,111.9,102.5,98.6,105.8,107.4,107.6,110.1,105.6,110.1,106.8,98.2,0,0,NA,"carbon","Southeast"
"Washington",79.5,84.2,85.67,84.3,79.63,73.3,75.7,77.6,79.2,77,82.1,79.2,76.9,73.4,68.9,67.9,73.8,72.5,75.1,79.4,79.1,78.7,84.2,68.4,0,0,NA,"carbon","West"
"West Virginia",111.2,115.3,116.44,115.7,105.67,118.7,115.4,112.7,114.7,114.8,117,112.7,90.1,100.6,97.9,92.1,94.3,99.9,92,94.5,90.8,89.1,85.4,76.9,0,0,NA,"carbon","Southeast"
"Wisconsin",103.1,101.1,105.41,107.8,105.9,107.1,105.6,107.8,111,103.1,104.8,105.3,96.4,99,98.2,90.9,101.3,101.2,99.9,95.6,98.6,101.2,94.8,87,0,0,NA,"carbon","Midwest"
"Wyoming",59.1,64,62.53,63.5,63.72,62.5,64.5,64.4,63.7,64.5,66.8,67.2,64.1,65.6,64.5,66.7,68.9,65.9,64.1,61.3,62.8,63.8,59.1,55.6,0,0,NA,"carbon","West"
